30,129,31,130,1,0,,"{""listing"":{",,cut(1),"""bedrooms"":",0,1,"str3(1) = cutText(str2(i),0,1,cut(1),cut(2))",,
31,129,32,130,1,0,,,,cut(2),"""beds"":",0,1,"str3(2) = cutText(str2(i),0,1,cut(2),cut(3))",,
32,129,33,130,1,0,,,,cut(3),"""airbnb_plus_enabled"":",0,1,"str3(3) = cutText(str2(i),0,1,cut(3),cut(4))",,
33,129,34,130,1,0,,,,cut(4),"""extra_host_languages"":",1,2,"str3(4) = cutText(str2(i),1,2,cut(4),cut(5))",,
34,129,35,130,1,0,,,,cut(5),"""id"":",0,1,"str3(5) = cutText(str2(i),0,1,cut(5),cut(6))",,
35,129,36,130,0,0,,,,cut(6),"""instant_bookable"":",0,1,"str3(6) = cutText(str2(i),0,1,cut(6),cut(7))",,
36,129,37,130,0,0,,,,cut(7),"""is_business_travel_ready"":",0,1,"str3(7) = cutText(str2(i),0,1,cut(7),cut(8))",,
37,129,38,130,0,0,,,,cut(8),"""is_new_listing"":",0,1,"str3(8) = cutText(str2(i),0,1,cut(8),cut(9))",,
38,129,39,130,0,0,,,,cut(9),"""lat"":",0,1,"str3(9) = cutText(str2(i),0,1,cut(9),cut(10))",,
39,129,40,130,0,0,,,,cut(10),"""lng"":",0,1,"str3(10) = cutText(str2(i),0,1,cut(10),cut(11))",,
40,129,41,130,0,0,,,,cut(11),"""name"":",1,2,"str3(11) = cutText(str2(i),1,2,cut(11),cut(12))",,
41,129,42,130,0,0,,,,cut(12),"""person_capacity"":",0,1,"str3(12) = cutText(str2(i),0,1,cut(12),cut(13))",,
42,129,43,130,0,0,,,,cut(13),"""picture_count"":",0,1,"str3(13) = cutText(str2(i),0,1,cut(13),cut(14))",,
43,129,44,130,0,0,,,,cut(14),"""picture_url"":",0,1,"str3(14) = cutText(str2(i),0,1,cut(14),cut(15))",,
44,129,45,130,0,0,,,,cut(15),"""picture_urls"":",1,2,"str3(15) = cutText(str2(i),1,2,cut(15),cut(16))",,
45,129,46,130,0,0,,,,cut(16),"""property_type"":",1,2,"str3(16) = cutText(str2(i),1,2,cut(16),cut(17))",,
30,130,31,131,1,0,,,,cut(17),"""public_address"":",1,2,"str3(17) = cutText(str2(i),1,2,cut(17),cut(18))",,
31,130,32,131,1,0,,,,cut(18),"""reviews_count"":",0,1,"str3(18) = cutText(str2(i),0,1,cut(18),cut(19))",,
32,130,33,131,1,0,,,,cut(19),"""star_rating"":",0,1,"str3(19) = cutText(str2(i),0,1,cut(19),cut(20))",,
33,130,34,131,1,1,,,,cut(20),"""room_type"":",1,2,"str3(20) = cutText(str2(i),1,2,cut(20),cut(21))",,
34,130,35,131,1,1,,,,cut(21),"""user"":",0,0,"str3(21) = cutText(str2(i),0,0,cut(21),cut(22))",,
35,130,36,131,0,0,,,,cut(22),"""primary_host"":",0,0,"str3(22) = cutText(str2(i),0,0,cut(22),cut(23))",,
36,130,37,131,0,0,,,,cut(23),"""coworker_hosted"":",0,1,"str3(23) = cutText(str2(i),0,1,cut(23),cut(24))",,
37,130,38,131,0,0,,,,cut(24),"""neighborhood_overview"":",1,2,"str3(24) = cutText(str2(i),1,2,cut(24),cut(25))",,
38,130,39,131,0,0,,,,cut(25),"""space"":",1,2,"str3(25) = cutText(str2(i),1,2,cut(25),cut(26))",,
39,130,40,131,0,0,,,,cut(26),"""summary"":",0,1,"str3(26) = cutText(str2(i),0,1,cut(26),cut(27))",,
40,130,41,131,0,0,,,,cut(27),"""seo_reviews"":",2,2,"str3(27) = cutText(str2(i),2,2,cut(27),cut(28))",,
41,130,42,131,0,0,,,,cut(28),"""pricing_quote"":",1,0,"str3(28) = cutText(str2(i),1,0,cut(28),cut(29))",,
42,130,43,131,0,0,,,,cut(29),"""viewed_at"":",,,,,
43,130,44,131,0,0,,,,cut(30),"""first_name"":",1,2,"detail21(1) = cutText(str3(21),1,2,cut(30),cut(31))",,
44,130,45,131,0,0,,,,cut(31),"""id"":",0,1,"detail21(2) = cutText(str3(21),0,1,cut(31),cut(32))",,
45,130,46,131,0,0,,,,cut(32),"""thumbnail_url"":",1,2,"detail21(3) = cutText(str3(21),1,2,cut(32),cut(33))",,
30,131,31,132,1,1,,,,cut(33),"""is_superhost"":",0,2,"detail21(4) = cutText(str3(21),0,2,cut(33))",,
31,131,32,132,1,1,,,,cut(34),,,,,,
32,131,33,132,1,1,,,,cut(35),"""first_name"":",1,2,"detail22(1) = cutText(str3(22),1,2,cut(35),cut(36))",,
33,131,34,132,1,1,,,,cut(36),"""id"":",0,1,"detail22(2) = cutText(str3(22),0,1,cut(36),cut(37))",,
34,131,35,132,1,1,,,,cut(37),"""thumbnail_url"":",1,2,"detail22(3) = cutText(str3(22),1,2,cut(37),cut(38))",,
35,131,36,132,0,0,,,,cut(38),"""is_superhost"":",0,2,"detail22(4) = cutText(str3(22),0,2,cut(38))",,
36,131,37,132,0,0,,,,cut(39),,,,,,
37,131,38,132,0,0,,,,cut(40),"""can_instant_book"":",0,1,"detail28(1) = cutText(str3(28),0,1,cut(40),cut(41))",,
38,131,39,132,0,0,,,,cut(41),"""check_in"":",0,1,"detail28(2) = cutText(str3(28),0,1,cut(41),cut(42))",,
39,131,40,132,0,0,,,,cut(42),"""check_out"":",0,1,"detail28(3) = cutText(str3(28),0,1,cut(42),cut(43))",,
40,131,41,132,0,0,,,,cut(43),"""guests"":",0,9,"detail28(4) = cutText(str3(28),0,9,cut(43),cut(44))",,
41,131,42,132,0,0,,,,cut(44),"""amount"":",0,1,"detail28(5) = cutText(str3(28),0,1,cut(44),cut(45))",,
42,131,43,132,0,0,,,,cut(45),"""currency"":",1,3,"detail28(6) = cutText(str3(28),1,3,cut(45),cut(46))",,
43,131,44,132,0,0,,,,cut(46),"""rate_type"":",1,2,"detail28(7) = cutText(str3(28),1,2,cut(46),cut(47))",,
44,131,45,132,0,0,,,,cut(47),"""is_good_price"":",0,1,"detail28(8) = cutText(str3(28),0,1,cut(47),cut(48))",,
45,131,46,132,0,0,,,,cut(48),"""average_booked_price"":",0,2,"detail28(9) = cutText(str3(28),0,2,cut(48))",,
30,132,31,133,0,0,,,,cut(49),,,,,,
31,132,32,133,0,0,,,,,,,,,,
32,132,33,133,1,1,,,,,,,,,,
33,132,34,133,1,1,,,,,,,,,,
34,132,35,133,1,1,,,,,,,,,,
35,132,36,133,1,1,,,,,,,,,,
36,132,37,133,1,1,,,,,,,,,,
37,132,38,133,0,0,,,,,,,,,,
38,132,39,133,0,0,,,,,,,,,,
39,132,40,133,0,0,,,,,,,,,,
40,132,41,133,0,0,,,,,,,,,,
41,132,42,133,0,0,,,,,,,,,,
42,132,43,133,0,0,,,,,,,,,,
43,132,44,133,0,0,,,,,,,,,,
44,132,45,133,0,0,,,,,,,,,,
45,132,46,133,0,0,,,,,,,,,,
30,133,31,134,0,0,,,,,,,,,,
31,133,32,134,0,0,,,,,,,,,,
32,133,33,134,1,1,,,,,,,,,,
33,133,34,134,1,1,,,,,,,,,,
34,133,35,134,1,1,,,,,,,,,,
35,133,36,134,1,1,,,,,,,,,,
36,133,37,134,1,1,,,,,,,,,,
37,133,38,134,0,0,,,,,,,,,,
38,133,39,134,0,0,,,,,,,,,,
39,133,40,134,0,0,,,,,,,,,,
40,133,41,134,0,0,,,,,,,,,,
41,133,42,134,0,0,,,,,,,,,,
42,133,43,134,0,0,,,,,,,,,,
43,133,44,134,0,0,,,,,,,,,,
44,133,45,134,0,0,,,,,,,,,,
45,133,46,134,0,0,,,,,,,,,,
30,134,31,135,0,0,,,,,,,,,,
31,134,32,135,0,0,,,,,,,,,,
32,134,33,135,0,0,,,,,,,,,,
33,134,34,135,1,1,,,,,,,,,,
34,134,35,135,1,1,,,,,,,,,,
35,134,36,135,1,1,,,,,,,,,,
36,134,37,135,0,0,,,,,,,,,,
37,134,38,135,0,0,,,,,,,,,,
38,134,39,135,0,0,,,,,,,,,,
39,134,40,135,0,0,,,,,,,,,,
40,134,41,135,0,0,,,,,,,,,,
41,134,42,135,0,0,,,,,,,,,,
42,134,43,135,0,0,,,,,,,,,,
43,134,44,135,0,0,,,,,,,,,,
44,134,45,135,0,0,,,,,,,,,,
45,134,46,135,0,0,,,,,,,,,,
30,135,31,136,0,0,,,,,,,,,,
31,135,32,136,0,0,,,,,,,,,,
32,135,33,136,0,0,,,,,,,,,,
33,135,34,136,1,1,,,,,,,,,,
34,135,35,136,1,1,,,,,,,,,,
35,135,36,136,1,1,,,,,,,,,,
36,135,37,136,1,1,,,,,,,,,,
37,135,38,136,0,0,,,,,,,,,,
38,135,39,136,0,0,,,,,,,,,,
39,135,40,136,0,0,,,,,,,,,,
40,135,41,136,0,0,,,,,,,,,,
41,135,42,136,0,0,,,,,,,,,,
42,135,43,136,0,0,,,,,,,,,,
43,135,44,136,0,0,,,,,,,,,,
44,135,45,136,0,0,,,,,,,,,,
45,135,46,136,0,0,,,,,,,,,,
30,136,31,137,0,0,,,,,,,,,,
31,136,32,137,0,0,,,,,,,,,,
32,136,33,137,0,0,,,,,,,,,,
33,136,34,137,1,1,,,,,,,,,,
34,136,35,137,1,1,,,,,,,,,,
35,136,36,137,1,1,,,,,,,,,,
36,136,37,137,1,1,,,,,,,,,,
37,136,38,137,1,1,,,,,,,,,,
38,136,39,137,0,0,,,,,,,,,,
39,136,40,137,0,0,,,,,,,,,,
40,136,41,137,0,0,,,,,,,,,,
41,136,42,137,0,0,,,,,,,,,,
42,136,43,137,0,0,,,,,,,,,,
43,136,44,137,0,0,,,,,,,,,,
44,136,45,137,0,0,,,,,,,,,,
45,136,46,137,0,0,,,,,,,,,,
30,137,31,138,0,0,,,,,,,,,,
31,137,32,138,0,0,,,,,,,,,,
32,137,33,138,0,0,,,,,,,,,,
33,137,34,138,0,0,,,,,,,,,,
34,137,35,138,1,1,,,,,,,,,,
35,137,36,138,1,1,,,,,,,,,,
36,137,37,138,1,1,,,,,,,,,,
37,137,38,138,1,1,,,,,,,,,,
38,137,39,138,0,0,,,,,,,,,,
39,137,40,138,0,0,,,,,,,,,,
40,137,41,138,0,0,,,,,,,,,,
41,137,42,138,0,0,,,,,,,,,,
42,137,43,138,0,0,,,,,,,,,,
43,137,44,138,0,0,,,,,,,,,,
44,137,45,138,0,0,,,,,,,,,,
45,137,46,138,0,0,,,,,,,,,,
30,138,31,139,0,0,,,,,,,,,,
31,138,32,139,0,0,,,,,,,,,,
32,138,33,139,0,0,,,,,,,,,,
33,138,34,139,0,0,,,,,,,,,,
34,138,35,139,1,1,,,,,,,,,,
35,138,36,139,1,1,,,,,,,,,,
36,138,37,139,1,1,,,,,,,,,,
37,138,38,139,1,1,,,,,,,,,,
38,138,39,139,1,1,,,,,,,,,,
39,138,40,139,0,0,,,,,,,,,,
40,138,41,139,0,0,,,,,,,,,,
41,138,42,139,0,0,,,,,,,,,,
42,138,43,139,0,0,,,,,,,,,,
43,138,44,139,0,0,,,,,,,,,,
44,138,45,139,0,0,,,,,,,,,,
45,138,46,139,0,0,,,,,,,,,,
30,139,31,140,0,0,,,,,,,,,,
31,139,32,140,0,0,,,,,,,,,,
32,139,33,140,0,0,,,,,,,,,,
33,139,34,140,0,0,,,,,,,,,,
34,139,35,140,1,1,,,,,,,,,,
35,139,36,140,1,1,,,,,,,,,,
36,139,37,140,1,1,,,,,,,,,,
37,139,38,140,1,1,,,,,,,,,,
38,139,39,140,1,1,,,,,,,,,,
39,139,40,140,1,1,,,,,,,,,,
40,139,41,140,1,1,,,,,,,,,,
41,139,42,140,1,1,,,,,,,,,,
42,139,43,140,1,1,,,,,,,,,,
43,139,44,140,0,0,,,,,,,,,,
44,139,45,140,0,0,,,,,,,,,,
45,139,46,140,0,0,,,,,,,,,,
30,140,31,141,0,0,,,,,,,,,,
31,140,32,141,0,0,,,,,,,,,,
32,140,33,141,0,0,,,,,,,,,,
33,140,34,141,0,0,,,,,,,,,,
34,140,35,141,0,0,,,,,,,,,,
35,140,36,141,1,1,,,,,,,,,,
36,140,37,141,1,1,,,,,,,,,,
37,140,38,141,1,1,,,,,,,,,,
38,140,39,141,1,1,,,,,,,,,,
39,140,40,141,1,1,,,,,,,,,,
40,140,41,141,1,1,,,,,,,,,,
41,140,42,141,1,1,,,,,,,,,,
42,140,43,141,1,1,,,,,,,,,,
43,140,44,141,1,1,,,,,,,,,,
44,140,45,141,0,0,,,,,,,,,,
45,140,46,141,1,1,,,,,,,,,,
30,141,31,142,0,0,,,,,,,,,,
31,141,32,142,0,0,,,,,,,,,,
32,141,33,142,0,0,,,,,,,,,,
33,141,34,142,0,0,,,,,,,,,,
34,141,35,142,0,0,,,,,,,,,,
35,141,36,142,0,0,,,,,,,,,,
36,141,37,142,0,0,,,,,,,,,,
37,141,38,142,0,0,,,,,,,,,,
38,141,39,142,1,1,,,,,,,,,,
39,141,40,142,1,1,,,,,,,,,,
40,141,41,142,1,1,,,,,,,,,,
41,141,42,142,1,1,,,,,,,,,,
42,141,43,142,1,1,,,,,,,,,,
43,141,44,142,1,1,,,,,,,,,,
44,141,45,142,1,1,,,,,,,,,,
45,141,46,142,1,1,,,,,,,,,,
30,142,31,143,0,0,,,,,,,,,,
31,142,32,143,0,0,,,,,,,,,,
32,142,33,143,0,0,,,,,,,,,,
33,142,34,143,0,0,,,,,,,,,,
34,142,35,143,0,0,,,,,,,,,,
35,142,36,143,0,0,,,,,,,,,,
36,142,37,143,0,0,,,,,,,,,,
37,142,38,143,0,0,,,,,,,,,,
38,142,39,143,0,0,,,,,,,,,,
39,142,40,143,0,0,,,,,,,,,,
40,142,41,143,0,0,,,,,,,,,,
41,142,42,143,1,1,,,,,,,,,,
42,142,43,143,1,1,,,,,,,,,,
43,142,44,143,1,1,,,,,,,,,,
44,142,45,143,1,1,,,,,,,,,,
45,142,46,143,1,1,,,,,,,,,,
30,143,31,144,0,0,,,,,,,,,,
31,143,32,144,0,0,,,,,,,,,,
32,143,33,144,0,0,,,,,,,,,,
33,143,34,144,0,0,,,,,,,,,,
34,143,35,144,0,0,,,,,,,,,,
35,143,36,144,0,0,,,,,,,,,,
36,143,37,144,0,0,,,,,,,,,,
37,143,38,144,0,0,,,,,,,,,,
38,143,39,144,0,0,,,,,,,,,,
39,143,40,144,0,0,,,,,,,,,,
40,143,41,144,0,0,,,,,,,,,,
41,143,42,144,1,1,,,,,,,,,,
42,143,43,144,1,1,,,,,,,,,,
43,143,44,144,1,1,,,,,,,,,,
44,143,45,144,1,1,,,,,,,,,,
45,143,46,144,0,0,,,,,,,,,,
30,144,31,145,0,0,,,,,,,,,,
31,144,32,145,0,0,,,,,,,,,,
32,144,33,145,0,0,,,,,,,,,,
33,144,34,145,0,0,,,,,,,,,,
34,144,35,145,0,0,,,,,,,,,,
35,144,36,145,0,0,,,,,,,,,,
36,144,37,145,0,0,,,,,,,,,,
37,144,38,145,0,0,,,,,,,,,,
38,144,39,145,0,0,,,,,,,,,,
39,144,40,145,0,0,,,,,,,,,,
40,144,41,145,0,0,,,,,,,,,,
41,144,42,145,1,1,,,,,,,,,,
42,144,43,145,1,1,,,,,,,,,,
43,144,44,145,1,1,,,,,,,,,,
44,144,45,145,1,1,,,,,,,,,,
45,144,46,145,0,0,,,,,,,,,,
30,145,31,146,0,0,,,,,,,,,,
31,145,32,146,0,0,,,,,,,,,,
32,145,33,146,0,0,,,,,,,,,,
33,145,34,146,0,0,,,,,,,,,,
34,145,35,146,0,0,,,,,,,,,,
35,145,36,146,0,0,,,,,,,,,,
36,145,37,146,0,0,,,,,,,,,,
37,145,38,146,0,0,,,,,,,,,,
38,145,39,146,0,0,,,,,,,,,,
39,145,40,146,0,0,,,,,,,,,,
40,145,41,146,0,0,,,,,,,,,,
41,145,42,146,0,0,,,,,,,,,,
42,145,43,146,1,1,,,,,,,,,,
43,145,44,146,1,1,,,,,,,,,,
44,145,45,146,1,1,,,,,,,,,,
45,145,46,146,0,0,,,,,,,,,,
30,146,31,147,0,0,,,,,,,,,,
31,146,32,147,0,0,,,,,,,,,,
32,146,33,147,0,0,,,,,,,,,,
33,146,34,147,0,0,,,,,,,,,,
34,146,35,147,0,0,,,,,,,,,,
35,146,36,147,0,0,,,,,,,,,,
36,146,37,147,0,0,,,,,,,,,,
37,146,38,147,0,0,,,,,,,,,,
38,146,39,147,0,0,,,,,,,,,,
39,146,40,147,0,0,,,,,,,,,,
40,146,41,147,0,0,,,,,,,,,,
41,146,42,147,0,0,,,,,,,,,,
42,146,43,147,0,0,,,,,,,,,,
43,146,44,147,1,1,,,,,,,,,,
44,146,45,147,1,1,,,,,,,,,,
45,146,46,147,0,0,,,,,,,,,,
30,147,31,148,0,0,,,,,,,,,,
31,147,32,148,0,0,,,,,,,,,,
32,147,33,148,0,0,,,,,,,,,,
33,147,34,148,0,0,,,,,,,,,,
34,147,35,148,0,0,,,,,,,,,,
35,147,36,148,0,0,,,,,,,,,,
36,147,37,148,0,0,,,,,,,,,,
37,147,38,148,0,0,,,,,,,,,,
38,147,39,148,0,0,,,,,,,,,,
39,147,40,148,0,0,,,,,,,,,,
40,147,41,148,0,0,,,,,,,,,,
41,147,42,148,0,0,,,,,,,,,,
42,147,43,148,0,0,,,,,,,,,,
43,147,44,148,1,1,,,,,,,,,,
44,147,45,148,1,1,,,,,,,,,,
45,147,46,148,1,1,,,,,,,,,,
30,148,31,149,0,0,,,,,,,,,,
31,148,32,149,0,0,,,,,,,,,,
32,148,33,149,0,0,,,,,,,,,,
33,148,34,149,0,0,,,,,,,,,,
34,148,35,149,0,0,,,,,,,,,,
35,148,36,149,0,0,,,,,,,,,,
36,148,37,149,0,0,,,,,,,,,,
37,148,38,149,0,0,,,,,,,,,,
38,148,39,149,0,0,,,,,,,,,,
39,148,40,149,0,0,,,,,,,,,,
40,148,41,149,0,0,,,,,,,,,,
41,148,42,149,0,0,,,,,,,,,,
42,148,43,149,0,0,,,,,,,,,,
43,148,44,149,0,0,,,,,,,,,,
44,148,45,149,0,0,,,,,,,,,,
45,148,46,149,1,1,,,,,,,,,,